{
    "Projet de recherche 1": [
        15.0,
        5,
        5
    ],
    "Préparation à la recherche 1": [
        14.0,
        4,
        4
    ],
    "Systèmes d'exploitation avancés": [
        13.0,
        5,
        5
    ],
    "Anglais 1": [
        16.0,
        2,
        2
    ],
    "Bio-informatique expérimentale": [
        11.0,
        4,
        4
    ],
    "Programmation parallèle": [
        13.4,
        4,
        4
    ],
    "Sémantique": [
        10.02,
        4,
        4
    ],
    "Projet de recherche 2": [
        15.0,
        5,
        5
    ],
    "Préparation à la recherche 2": [
        16.5,
        2,
        2
    ],
    "Anglais 2": [
        9.0,
        1,
        1
    ],
    "Théorie de l'information ": [
        6.5,
        4,
        4
    ],
    "General compiler concepts": [
        12.5,
        5,
        5
    ],
    "Computer graphics E": [
        8.0,
        4,
        4
    ],
    "Machine Learning": [
        10.0,
        4,
        4
    ]
}