{
    "Research project 1": [
        15.0,
        5,
        5
    ],
    "Research methodology 1": [
        14.0,
        4,
        4
    ],
    "Advanced operating systems": [
        13.0,
        5,
        5
    ],
    "English 1": [
        16.0,
        2,
        2
    ],
    "Experimental bioinformatics": [
        11.0,
        4,
        4
    ],
    "Parallel programming": [
        13.4,
        4,
        4
    ],
    "SEM Software foundations": [
        10.02,
        4,
        4
    ],
    "Research project 2": [
        15.0,
        5,
        5
    ],
    "Research methodology 2": [
        16.5,
        2,
        2
    ],
    "English 2": [
        9.0,
        1,
        1
    ],
    "Information theory": [
        6.5,
        4,
        4
    ],
    "General compiler concepts": [
        12.5,
        5,
        5
    ],
    "Computer graphics": [
        8.0,
        4,
        4
    ],
    "Machine Learning": [
        10.0,
        4,
        4
    ]
}